owner, tokenIds
0x47585733074aEaE0Da53F5F68b744C762d97586e, "1706"
0x9Ac617398E2994545162EAF5Ea5a54434168A3A6, "1742,1707"
0xB12FA047f82dF858502d8CF5d708cAC18dFaB7e5, "1708"
0xe8A57a6B16A4532015185599797487a41F77eA03, "1817,1713"
0xaCDa2baBFB23f495f7cC0688F15134fB3129898F, "1924,1916,1710"
0x5f312DF04b19979EF4Bd5876737cfa481A928C0D, "1711"
0xba30963F47A2d33476E922Faa55bEc570C433dD0, "1712"
0x81667b09Cc6cedbA3a19110eDcb9D01372c89458, "1733,1714"
0x9e2FaAae64cC1F40e9EaBd2f502811fFca2FD0eE, "2048,1715"
0x869cF77F0c9FCAabBEA2F6D4626cB970a109C42f, "1716"
0xf6B1a88D33Ef451Cfb23F2172ffB8860f7844fB6, "1821,1776,1717"
0x686dff34c9666020ADDD4de680Dec250C3bf4aE8, "1946,1829,1718"
0x5bcc44D6962Ad2e35b54A8D0614F6307768D8Eb1, "1719"
0xa8bd82A0Bd23206F707407276d08fAF44879BA57, "1720"
0x5151e65D3537aEF202007DC5F62d3bBdbd261073, "2027,1721"
0x344409C83d9C2ffd7a50Fd78bd9A1AF58F3Fc35c, "1722"
0x145DD77C0EB627b7B93CEabECAd82472e424B0f5, "1941,1904,1723"
0x74dde32f8BfF64AcEca62cb9F51DDA1ef1980aC8, "2006,1724"
0x99c16D5f932CeCcFAf53143e85Ae18f03256205d, "1725"
0x06d785e06160A93272B82f5BDff5fCc533e29816, "1726"
0x008c84421dA5527F462886cEc43D2717B686A7e4, "1979,1756,1727"
0xe16CC6Fb4968fffAfC5e4B4510eed5EC06681E78, "1894,1728"
0xf97664376416E9379f2354DB444BFE3f00B6936b, "1885,1818,1813,1729"
0x61c1b758eCA52D86D97BF4394C258c8970C86BFa, "1730"
0xe38171C839D3fF70147829d843ee8F9794bc2299, "1731"
0x396763C5A5F8D224A2285C562c9C22a0604545c1, "2047,1732"
0x019EdcB493Bd91e2b25b70f26D5d9041Fd7EF946, "1734"
0x975157fa98d07B115E1C293fCc31897AB51723cA, "2022,1735"
0x72356e2b313574Ac85c6943e43FAC3eC2Fa14D73, "1794,1736"
0xd6316a17b497539267C1763A0C20459dE834E249, "1737"
0x398a20F8A91A7406343e75F4Ac1Eaad6902D3862, "1872,1738"
0x306FEAA9D555b0f97719352043dDc03B2F108dbd, "1795,1739"
0x7137f0420565E1bCD6abEc57e3c4AaC05ddcaD01, "1740"
0x6ff0BE40314Fdf5E07BcBA38c69Be4955d5e6197, "1741"
0x693F3210279D0c51A20781b94824C0Ae5B783e89, "1972,1743"
0xAf93fCce0548D3124A5fC3045adAf1ddE4e8Bf7e, "1744"
0xf1CA87cE51E843E09993255b5402d45F781f58ba, "1745"
0x975779102B2A82384f872EE759801DB5204CE331, "1977,1746"
0x7d21D6f8e03746BeF7fB64710C1569505F76dC18, "1747"
0xF9C298545dA80df7767C4e5a9296a071F13702B8, "1748"
0x9ee73ec148b8f68DA65598Ebb497F1E7E9957219, "1749"
0x0b5da4A5Fed968c2A34237b78b90349f9756E8F2, "1750"
0x5D31F14Ceb003F2241078ef82330c78bb16282f8, "1751"
0x72258787171b9c4a6d03C6545BBC0EbCDf7b7f35, "1810,1752"
0x2ab46674dFb8539ab5380173F9c86138df5230B9, "1851,1753"
0xd18c20FC319412F72c973B6F8b1933A1f81517FC, "1754"
0x9a3514439aed2aA3c608FA3defcC16Fe900eFD1A, "1755"
0x53E3514b9A89f27babdeEB6579d97628a90Ff323, "1758"
0xD58Eb0449435E38d78a67031f0cb2C6CeE0F930E, "1759"
0xb919C1E902013d4D46a6D9D94c005f90f50c70b9, "1760"
0xD9df7441f87C197887cf438eeBe3368637e76a78, "1761"
0xE22E9dB25C68F96072FA29A485f195Ac09355aF6, "1762"
0x5fbCdE55F529eA9AaE89cAEa5FcDf27B28E55d5a, "1763"
0xcEEf68cD743683A46A6266c210717a2f20B9BfE6, "1764"
0xccD4c202AB2CD6DE8fA3158553f1c679559cA65E, "1765"
0x33Cf4977EEDAe8278E3c0344DF3eB86b3c83480f, "1766"
0x7F825692DfaE7107D16Bf4E2071Fe06B1bC72297, "1873,1767"
0xb2F40E88E28Db5aA4459ac4e5A9BB8e7A4c882F2, "1768"
0x6767A7296ea3bDe8c01A1678E0ba3BeB2917cc80, "1987,1769"
0x7780E86699e941254c8f4D9b7eB08FF7e96BBE10, "1770"
0x584313319d0bFeAd2a9d98a7154f5dCb5a62887F, "1771"
0x6655399579667421e6479333A45F115B9b3A73AD, "1772"
0x10395903bfBf4EF877E43f8E6A56591D9Cd1a201, "1822,1773"
0x720A4FaB08CB746fC90E88d1924a98104C0822Cf, "2035,1774"
0xDb2Ba0EABBfe920d4E501dFD92D6667f512E5870, "1775"
0x85D8E62E0e58e361aeE49364E67ac6Db5E8e38d1, "1777"
0xF4aDb9BA51Fde3EaeE89Ce9A60E99992611849fD, "2032,1778"
0x7dE012ad07565fCfd2F6175738357E6b81F3f467, "1896,1779"
0x6AE969fE0ea8cc2F195407e47F45AF0E68F5dB6E, "1780"
0xd23C95145BcfD53d184919b2bCec125A83128fC2, "1914,1861,1781"
0xD2628EA414C98B6c93DE255504ab3aE050A0521E, "1989,1782"
0x86eb4fC76166561c9D8ab8B89870EbA82701e226, "1783"
0x55dd9b279dd99a95D763f9f5558aBd5c9E9096c2, "1784"
0x1C18d68788548B8494f15a801009F6f40dF9aE45, "1785"
0x18bCbAB94d57a3b8e0935289c8F98B2C23Bcd5c6, "1786"
0x251794fb2875c1f735c2983Af79BDeA28A81309b, "1787"
0xa55Ec71A82Caea94f29CF4437d937b2c7bd1d561, "1788"
0x19Bb7A5de6d6fAeCb36962477Df0C2Ea790c00D8, "1825,1789"
0x65124e57C045E6f9E7e5279d611884f1B37CEA21, "1790"
0x8e3A9866580d636eae9e7a3130751ac1c6A8A92F, "1865,1791"
0xA2Aa32C4a61F0a673c52ae3b2F0353eB4a20e111, "1792"
0x228c1334fc57Eb6E02EcC448E749a041124321c1, "1793"
0x77fb4fa1ABA92576942aD34BC47834059b84e693, "1796"
0xA54fe8199a186Dc5C275b3C99071ecF19E01C07B, "1797"
0xD9cfab54f1234AeEA22B2818AB919866A2809c1C, "1798"
0xCBF0Fc044206cea3def49a8c52ff98D6011C185a, "1799"
0xDb5dc3E128C564fd4D780C6D798f99E7E1EbB7fc, "1800"
0x94f54D3a5307CD65766Fe397DF259Dc533496f8f, "1801"
0xE2DAc409E1D44CA89C369fd3eBd34D470E34871F, "1802"
0x5B37861A75C34b908266A9212EFE50384278A9Cc, "1803"
0xa24e93b119f12C81EC5c100624233Ff6e824E3bC, "1804"
0xC267dA714ddB007bc198cb9BdB722c66e652C687, "1805"
0x09800064d8321571e657C507e62cA92faf5c039B, "1835,1806"
0x5283c1E77E9c434d55EAE0B3d96A788B40CBbF8f, "1807"
0xAFfbd0E4512134a17E2CA546be52115C30a753Ab, "1811,1808"
0x22C06B4f3B637b60792cB0f3832426e7d60bE23C, "1809"
0xa81D429707420aFCB2A45b5DaEE9176Ff937380d, "1812"
0xe2aeaCB41b663AFBfF05029cDB8fE760A008fBA1, "1892,1814"
0x22BB51d2eF931a40C1FB571f9F97c8481E357955, "1824,1815"
0x45Fe0fDb13835C1BF10CfFB2fee05DE72dE25893, "1816"
0x08797952462b82dB639DDBFdeF2ab1718ffa7676, "1819"
0x88Dd371C119CC8D10c48B2f4843a4D782c3200e1, "1820"
0xa91e21B6feF1c7644700E4E0C6c7e715D554bD85, "1823"
0x01Ec738293d4fA32D99374A4519B450f4DB2bA54, "1826"
0x0eb056847392Ae37D58019ea355C4dc8Fb5132A8, "1956,1827"
0x9657B94D5d0a7C58CD2c59Ac17969e754C29eC29, "1828"
0x5C02E9f7f4109B39235125F67367C07d70793612, "1830"
0xF88a427c5bf29Acf58497c0088cBf7ca9836b7b2, "1831"
0x6665C90bf3aC3AefB78A0eE2980e14a04Faa640F, "1832"
0x0613e2c0e58E811e358C0e26B51842eEDA05AEd4, "1833"
0x5C6F9B896Ce9989a2578c9DD25703c126f78ffE3, "1834"
0x2d83FA3eFf5C3A397b2ba6ae62d1563Dda1dB3e5, "1836"
0xa706bBCC244D91a56ba9368C033cEc1E75688Af4, "1837"
0x70d3d73eb2De714Ec307889f277728DdDe1798c0, "1838"
0x3985143adC3Ea943640c89F58AEeCB40AFf13bAD, "1839"
0x670c6a50d1b38cf9ce58bc8045dDB41c8A346278, "1840"
0x216A023E0c19382D895a66A76dd92E898c9BE3a7, "2012,1841"
0x83F706592475511375D00687739a49F0505965CE, "1842"
0x302784B1f99ff7DCd178d3A1C54386C07F591E10, "1843"
0xef856fBa3bc85fa446Eba09A77bA3dbF54e6FF9e, "1844"
0x8d586f380846dCA988cB3B345231AF02F989C411, "2043,1902,1845"
0x2D5E03D9064A55B96d34290a176656398dF91379, "1847"
0x048A11C75b7a2f2462FB603f3Ad60eEFb3FE7E1D, "1848"
0xAf8FBF59e221D27b55DC3ADc2366F9230bCf5096, "1849"
0xd6c142172e438581E92B476c51aB3F43175106a3, "1850"
0xbaC42c9b32e574f41B86e20FBA0cf479A5a1cA58, "1852"
0xD887758a36bbf3c44ba3F1ffA0d8Ff8D536Cc129, "1853"
0xDf6e87287c96498320EC42a02C57A59C78c5133F, "2003,1854"
0xA17E7461989402A792e298a264472ac9e4960c39, "2031,1855"
0x6c623B9467BFC6B572d1Ad9133074DA49a38d183, "1856"
0x1a900B5Df58D5c4Cc63088687a0194237228B7aD, "1857"
0xE8e8AE982bE4928a533832d438779aA2a0d1BB0c, "1858"
0x4F83eE7c6D243FEDD657093FF8d76Cf2D3fa2cAD, "1859"
0x8cCDa2A7d4ACbB099Da8b74adeaD429c991E9332, "1860"
0x8064EebD2D1CcD4290924665eFc17c8F2da5bfC4, "1862"
0x0ec2F5cD9FFE8c421110d8748d63B8C87b1d171c, "1863"
0x2C9F8CecAE8242654D0Bd744e3b35f5C19ab4066, "1864"
0xEe02Cb8F6ECE8591FF093c8FFa372AE9Fd12A1Ff, "1866"
0x96767F32CCbDDacCBE4461dEF9e3a833D3E6DC69, "1867"
0xbA4Cda9157d4b16F7B339Fa7561A7b82bB171128, "1868"
0xf7F189082878846C11a94Ddac51C41aFc7A7C772, "1869"
0x3535727aeb8963fb136f1335EDe8FA980666E8b4, "1870"
0x7e22127aB1575CC3B215F4AB1C43573737A0eEc7, "1871"
0x4b7A9e2E2b3cF21af5DF73c1633e74Bd6c1CBf13, "1874"
0x6a2Ebd6b63Dc3F8cCd1f91292Cefb07255e01c86, "1875"
0xA0C537293bdf3b6962104135746624C5E27d0c41, "1876"
0xb75eb924568D4eBf65d9Bb932C589c3c06a59655, "1877"
0xdB5Cf3013A437cE5437b241B9F39b04f5D0bbb71, "1878"
0x38d1D6aDdF4BFF8F629491f9Dc8367405a540156, "1879"
0xF381240AF0f2F2FCc3c014e42a40032Af9791962, "1880"
0x9A0E30951A916EF100B11B2e93ef0B7552d61aDB, "1881"
0x58b9F539c84bd534E00b3E1636446841EB0bE60f, "1882"
0xB2A70Fdd3FE69089Cd7a140273C2705c4c12B6Bc, "1938,1883"
0x146582BC44469188A8BC47DD2f7976F6F50d5d4F, "1884"
0x601c6D9efF76Ae8cd7bFF5fC4900f20F6F80734F, "1886"
0xfb071a6D521E1fd735B6103Ab2B2622f3E51b48e, "1887"
0x2A4183B48C8738A565685082B9ED64e1aDa423b1, "1888"
0x1F38b496A4738C2Ea635945CAFC18e47F6F90d97, "1889"
0x08f80c0f592dCC93C70Ce9D7Cb9CF2e606c0Ee37, "1890"
0x32Cbd4cB8147Ae61401626caebcF193166Ca057F, "1891"
0xdCe8b8C7260AFd32C258B9fEfF832234ac589bcC, "1893"
0x0064c1608efa188C7E51bBF1cd914E16F9807BA4, "1895"
0x7565DEdDCB83a14B185eb9520914bB918cDfE983, "1948,1897"
0xe0f4232caEd7eC605CAD6092Bf1C495e95E1B079, "1898"
0xb941F9b7566E7108332a9eC187D222A1Cc05e422, "1899"
0x7500aF1F7F829Fa7a7FE4492E66b5bFF5C05F3E1, "1900"
0xb2818Bf247F387DBa67ee2E40ebB284B52b59B22, "1901"
0x44E2840aA8Bd5B425Dfffc3EC837127C22df5e36, "1903"
0x0C1fDE6b4368697FEF6C3664A6F6C131B0Bb286b, "2024,1905"
0xF1984DD40cde6227Df2F0A503C8Bc9aa8380d87F, "1906"
0xF91569595BCDAF780c3f1662f204E157949af8b2, "2016,1907"
0xF7c454Feb83b0886f21C2A1FEd78ecD246529789, "1908"
0x0B7164d93dB6309F99968c12E7e38F70E47089ed, "2014,1909"
0xb76E4A9932538bBAd705D2936d0dB755389cacFF, "1910"
0xdBf06A6B513ad000dE14BdED0D85d2D3826Ed5D7, "1911"
0x7d378ED22143F32FC86D0ACc463eB0adC29143D2, "1949,1930,1912"
0x74C224e438445fDBB1382f71f7a861DB9a35e6D5, "1913"
0x400ac75064b06413A779Caa931c01217e82932A8, "1915"
0xF0d8e4033ECAc09aB865F68d8733158D94e3c4C6, "1950,1917"
0xAbdfAf13be37Dc564822A67eCfe14Bdf97833C60, "1918"
0x69fAa59e22242667bdfa03c6AABEe7cB6a57666c, "1919"
0x36742D164dEDE4723b28F1154e1930DF6D8b8681, "1920"
0xe9F3F313665Eb85AA2c4a3C1Bea6A70A57D10a75, "1921"
0xa5437c9d2f62F79AE22B1DbD0a735feec7CEF6A7, "1922"
0xD1cB693b1ffe79A433637459800d7088847FC72A, "1923"
0xA960463a1F6d2D1f8bdbeB112Fd3D1452DB13bc5, "1925"
0xDa17333E11cEb78777F93054203C5201858B4C80, "1926"
0xAe71923d145ec0eAEDb2CF8197A08f12525Bddf4, "1927"
0x7891818A00204fa1Ea52654a9ED4999EB2F43b1A, "1928"
0xC814d2ef6D893568c74cD969Eb6F72a62fc261f7, "1929"
0xF4aa4Ea71b4b11ebAb289F2674E24c414616294c, "2000,1931"
0x2C4f6Efbd532fE31Af2ec4c343cB33ca74eB312c, "1932"
0x9348487402f2CFea85583952382da080E606Fa6A, "2044,1933"
0x6Ed1A5B3f62868B95AD763496bDaFC7f018a55a8, "1934"
0x4366d72a3E347734DF93633FA301A8b5CdBCC445, "1935"
0xF8e3EFE8f53153b10DEbBdfE59CEFd04817855B2, "1936"
0x4041E9d98f794EE7d952d266C1A10707A0Af5332, "1937"
0x7b5A749a0BA87722df6Bb1c0578EC4fb48E74b52, "1939"
0x877A7a71c9Fc580428424c78dD90822CD844bDC5, "1940"
0x6f9BB7e454f5B3eb2310343f0E99269dC2BB8A1d, "1942"
0x632bddb8EbF43A75Cb9Bf7d589Db1CCad87BAC55, "1943"
0x8D5BA2B764356Ddc9997FEd94DCf83367e8a10a2, "1944"
0x751Ba14ED65d68e136c6AC93e635d2378B4Ab91A, "1945"
0x4298e663517593284Ad4FE199b21815BD48a9969, "1947"
0x8928b26dE9eCc59cacdbA095C6Ed6237F48DdbD2, "1951"
0x1DA4D955d0c8b202c496Bf772B2d234a0fc96cc2, "1952"
0x82A1d1bae02FCe7F5d311bb74767282b5830C0A7, "1953"
0x8Ff27DDF2783C788572910Cb3cfbF9Fceea95938, "1954"
0x5EEEA333e4d3A09b8885020C8aBdaea2da565f16, "2009,1955"
0xecEC9B1A1E19F9bB525459001a69f42c24895283, "1957"
0xcfF44ADa03447D242b2b552a1C02aA5B80a8d8ed, "1958"
0x42199d0EaA511f2F83C3b111896F46953856f5e2, "1959"
0xA841DCE331726A6B9d31f1fcEBB96B8fF291EA14, "1960"
0x87e32D4631D728d6aD7EBcD133b11FeBC9DA9b93, "1961"
0x5ab45FB874701d910140e58EA62518566709c408, "2034,1962"
0xA96F2A820D3d7d5Df3C6c638d40C295a0CF255D1, "1963"
0x096234723ED2BA030A26814b46397e684278aFF3, "1964"
0xbf46D2161045251cB97D0B41929bc1D36044E1a0, "1965"
0xd8dC4CA19F64981F82A65C85f2BE3EEE8e41aD79, "1966"
0x0dbF55A32008A8edE46d267E1E53ed893723Bd13, "1967"
0xe6D8776Ccfc158FaAfccFb2A5B24F82FbaD04B3a, "1968"
0xb80ae4427115c8d349c11D4668FefDDAa9cbEF77, "1969"
0x8C8024bf5f90a06CCeD7D32BAbcCB934942c82f6, "1970"
0x8806D2eD87398BEE00Bb044c882406ba8ead0d5A, "1971"
0xfeA6145Aec3832672Df239639FBc1db273Ace241, "1973"
0x008B1FFe244bF31896C833bFf4Ad9009E7A0f4Eb, "1974"
0x700e6729C190F0Ac7dD382909520e1D00e749DF6, "1975"
0x83443bC737Af694Cd26fd961Bc13d5982292EDac, "1976"
0xE7a70BC6f94Dac32ab5a5D6C2D9964254348E5DD, "1978"
0x6632d36F72e8A55a817c89392D09529efe0D6978, "1980"
0x26938DFD4f89f9450A5402688A4cb1Ba88E09d29, "1981"
0x5D504F005dEE9DF8D41C2F4FFfA6CfdC276E30EC, "1982"
0x308Bff328370FC4a9683aB9fCd79A21be6dC5eE4, "1983"
0x35a214b13c9E223B8D511f343aC8Fa94293233a1, "1984"
0x2EE92C196D63F2313A52C4Bb48F427361460636b, "1985"
0xAf3E252f3190EC77A3a1e07A21c6369A396134eE, "1986"
0xBd1509926AC0Fee9F49D3959d00eFA5500476cFE, "1998,1988"
0x2718A8B3E39F799970d07d72FAF178D0f6AbcE3A, "1990"
0xdE79aAA2f54160b45EF69E1C4b8Fc4c290cd5B88, "1991"
0xa9A8dd79DD7c32F66663944f83faD2c7988c86A5, "2023,1992"
0xf2Bc07DAc20b616e95c7F33B0340EaFfAd1756a7, "1993"
0x71adA1d0870d1022847Dfff344191126b09eD551, "2025,1994"
0xBe7F644Cc8b30D45786f78B253f6F72eD3D0F31a, "1995"
0xd9d1D1aD45E3af9C4E943CA220e5F92C35Bb812c, "1996"
0xE6Fb68ed6f7395dFDd037D437dB6128F60280406, "1997"
0xc63fc0aE83555e2553762EdD887433573F77CFc2, "1999"
0x117f2b2B933Ec674c3Bb60667E3AC81538135861, "2001"
0x2d0F53CE75738bbaDbA6933a581abdE0964e1592, "2002"
0x000B79f52356189C80a9d3AdA3911D4438218516, "2004"
0xBe746B3639af3d3f3a743318F11cE4073e71f42D, "2005"
0x1424D290D3550c6ebAb94c42ab415C20Eed8a4e1, "2007"
0x4942254342E637CAb1d91864C25e54bCD3a2B13d, "2008"
0x06c6Efa5c5eF2dF1e9107559F8207Fc06c7AB533, "2010"
0x675eBC88Bd62310A49762722FC0cF3a725c02E6E, "2011"
0x8f59bF1cffa87b600f3387A9CBCF6F01A3776265, "2013"
0x9C7eFb0BcC09283861cD06eA5CFd1618989a4cFa, "2015"
0x365513A99D34ABFdb258d01217BeC0399e687e18, "2017"
0x7302bC5b47F5588174A148C90747a88CB528A8c1, "2018"
0x0538c5d5320E94811174F35990CA7914Effa6676, "2019"
0x9482A42bF92F7FcA8aaF53Da2F38555c6Ce7265b, "2020"
0x34665577f1D363D839B88d24105833efEd0C592A, "2021"
0xd3A1ab87C8aB81CB093Ef5430A387D127ac523a0, "2026"
0xDFdB434B6aec40240F06AFffd085e4fC4990d8e1, "2028"
0x4444A136b1445B1f5e4a20656854adCF6Fa3d667, "2039,2029"
0x60963e2A899797ff6c0259aBCba37bCDFDFBAFf2, "2030"
0x95D19d9bCA7274D4c1fBe0ECb35608Ac2662906f, "2033"
0x957A85E0F23a5C6E1Ca7c8e869fEfD01CC406E0D, "2036"
0x4835B48FC847E51CD63CCa309250C3Cd6F4D285e, "2046,2037"
0x9e061E73f28b3793183FebFe06E544fbF61f5650, "2038"
0x1828B4930991E144858a181c9daFe26e4D82d744, "2040"
0x8F70b3aC45A6896532FB90B992D5B7827bA88d3C, "2041"
0xb104371D5a2680fB0d47eA9A3aA2348392454186, "2042"
0x40F51Eb502Ac737b4874925fEac8C970F9B01f74, "2045"